Name,URL,Price
Mi LED Smart TV 4A PRO 80 cm (32) with Android,/mi-led-smart-tv-4a-pro-80-cm-32-android/p/itmfdwh5jyqhmvzg?pid=TVSFDWH5K9N2FDTK&srno=s_1_1&otracker=search&otracker1=search&lid=LSTTVSFDWH5K9N2FDTK9CAPYS&fm=organic&iid=aca4b6c7-c306-48a6-a85b-7c3c5815ec94.TVSFDWH5K9N2FDTK.SEARCH&qH=79464212afb7fd6c,"₹12,999"
Mi LED Smart TV 4A Pro 108 cm (43) with Android,/mi-led-smart-tv-4a-pro-108-cm-43-android/p/itmfbzck4mhggxxg?pid=TVSFBZCKAVGCUCME&srno=s_1_2&otracker=search&otracker1=search&lid=LSTTVSFBZCKAVGCUCMEWJYUMP&fm=organic&iid=40ba8647-3d29-4d1a-94ff-1cc2a0a6cc34.TVSFBZCKAVGCUCME.SEARCH&qH=79464212afb7fd6c,"₹22,999"
iFFALCON by TCL 138.71cm (55 inch) Ultra HD (4K) LED Smart Android TV with Netflix,/iffalcon-tcl-138-71cm-55-inch-ultra-hd-4k-led-smart-android-tv-netflix/p/itmf3mcfffcsyxsb?pid=TVSF3J7HUJF5XUBT&srno=s_1_3&otracker=search&otracker1=search&lid=LSTTVSF3J7HUJF5XUBTVIHZZW&fm=organic&iid=6dc405a0-c71b-4bc8-9880-ab25be34a53a.TVSF3J7HUJF5XUBT.SEARCH&qH=79464212afb7fd6c,"₹33,999"
Kodak XPRO 80cm (32 inch) HD Ready LED Smart TV,/kodak-xpro-80cm-32-inch-hd-ready-led-smart-tv/p/itmess8czhvmvd3d?pid=TVSFFACJZGZZW9KF&srno=s_1_4&otracker=search&otracker1=search&lid=LSTTVSFFACJZGZZW9KFIBMXWE&fm=organic&iid=en_SrFa57VuSvb7bpW%2FlK4sWHvP3aRUgCfQgjiNzbiPLflD2YhrzEWkRQC38GDVkUg708gz0L6gB0Z%2B2gFgwNLzxw%3D%3D&qH=79464212afb7fd6c,"₹10,499"
Mi LED Smart TV 4A Pro 123.2 cm (49) with Android,/mi-led-smart-tv-4a-pro-123-2-cm-49-android/p/itmfcp72rrahu6vf?pid=TVSFCP72GZYESDHF&srno=s_1_5&otracker=search&otracker1=search&lid=LSTTVSFCP72GZYESDHFU2JZDX&fm=organic&iid=64b0f3bc-0eb4-473e-8cb0-2752fd6517b3.TVSFCP72GZYESDHF.SEARCH&qH=79464212afb7fd6c,"₹29,999"
Vu Ultra Smart 80cm (32 inch) HD Ready LED Smart TV,/vu-ultra-smart-80cm-32-inch-hd-ready-led-tv/p/itmfey7hrsumcfww?pid=TVSFEY7HRZW46CND&srno=s_1_6&otracker=search&otracker1=search&lid=LSTTVSFEY7HRZW46CNDRYSQKP&fm=organic&iid=a6aa7dfa-d0c9-4e21-9035-aab206c64dca.TVSFEY7HRZW46CND.SEARCH&qH=79464212afb7fd6c,"₹12,499"
MarQ by Flipkart InnoView 109cm (43 inch) Full HD LED TV,/marq-flipkart-innoview-109cm-43-inch-full-hd-led-tv/p/itmf6gtrgjwcqs52?pid=TVSF6GTRY6Q2RDCK&srno=s_1_7&otracker=search&otracker1=search&lid=LSTTVSF6GTRY6Q2RDCKDTCOFK&fm=organic&iid=aada70fd-4694-4e2b-9a40-fa59d0929d00.TVSF6GTRY6Q2RDCK.SEARCH&qH=79464212afb7fd6c,"₹15,999"
Vu Ultra Smart 100cm (40 inch) Full HD LED Smart TV,/vu-ultra-smart-100cm-40-inch-full-hd-led-tv/p/itmfey7hjvzkkzyv?pid=TVSFEY7HHUG9DZD8&srno=s_1_8&otracker=search&otracker1=search&lid=LSTTVSFEY7HHUG9DZD8HUMUYU&fm=organic&iid=3881b217-2a4c-4ecf-b451-35ba2daa5279.TVSFEY7HHUG9DZD8.SEARCH&qH=79464212afb7fd6c,"₹18,499"
MarQ by Flipkart Dolby 32 inch(80 cm) HD Ready Smart LED TV,/marq-flipkart-dolby-32-inch-80-cm-hd-ready-smart-led-tv/p/itmf4d63chguz4rp?pid=TVSF4D63RKMBTTFG&srno=s_1_9&otracker=search&otracker1=search&lid=LSTTVSF4D63RKMBTTFGNDUITH&fm=organic&iid=e22f9ecb-9595-4f8d-8de3-b37974223b13.TVSF4D63RKMBTTFG.SEARCH&qH=79464212afb7fd6c,"₹10,999"
Mi LED Smart TV 4X Pro 138.8 cm (55) with Android,/mi-led-smart-tv-4x-pro-138-8-cm-55-android/p/itmfbzckkrypfndh?pid=TVSFBZCKQT47QHBK&srno=s_1_10&otracker=search&otracker1=search&lid=LSTTVSFBZCKQT47QHBKNBLVAN&fm=organic&iid=6593d638-a9cf-4210-98c4-bd47404d61dc.TVSFBZCKQT47QHBK.SEARCH&qH=79464212afb7fd6c,"₹39,999"
Kodak XPRO 102cm (40 inch) Full HD LED Smart TV,/kodak-xpro-102cm-40-inch-full-hd-led-smart-tv/p/itmez9vtzcz2vvbs?pid=TVSFFACJJ3ZSTHHA&srno=s_1_11&otracker=search&otracker1=search&lid=LSTTVSFFACJJ3ZSTHHAAK6GRA&fm=organic&iid=b89009a8-d8ba-4fb8-87eb-81c30ffa9ed1.TVSFFACJJ3ZSTHHA.SEARCH&qH=79464212afb7fd6c,"₹17,499"
Thomson UD9 102cm (40 inch) Ultra HD (4K) LED Smart TV,/thomson-ud9-102cm-40-inch-ultra-hd-4k-led-smart-tv/p/itmfdvfrxxphynpf?pid=TVSFDVFRHPQQWYPV&srno=s_1_12&otracker=search&otracker1=search&lid=LSTTVSFDVFRHPQQWYPVCL97MK&fm=organic&iid=c51bdb5b-a0a4-406a-b074-361edd321fdb.TVSFDVFRHPQQWYPV.SEARCH&qH=79464212afb7fd6c,"₹20,999"
MarQ by Flipkart 140 cm (55) Ultra HD (4K) LED Smart Android TV,/marq-flipkart-140-cm-55-ultra-hd-4k-led-smart-android-tv/p/itmf65nfxsh4y4fg?pid=TVSF65NFSMM5JUEZ&srno=s_1_13&otracker=search&otracker1=search&lid=LSTTVSF65NFSMM5JUEZVHO3A8&fm=organic&iid=725c1295-db86-465f-8279-2a28ecc67535.TVSF65NFSMM5JUEZ.SEARCH&qH=79464212afb7fd6c,"₹38,999"
Panasonic 108cm (43 inch) Full HD LED Smart TV,/panasonic-108cm-43-inch-full-hd-led-smart-tv/p/itmf8c9ygmhzhhw6?pid=TVSF8C9YZMPJKJPB&srno=s_1_14&otracker=search&otracker1=search&lid=LSTTVSF8C9YZMPJKJPBV80GPG&fm=organic&iid=en_SrFa57VuSvb7bpW%2FlK4sWHvP3aRUgCfQgjiNzbiPLfkHNJK04YwGqCGp2HOy8OZbBkFXfDpFQ0cnyAMdS5P4xg%3D%3D&qH=79464212afb7fd6c,"₹30,999"
Micromax 81cm (32 inch) HD Ready LED TV with IPS Panel,/micromax-81cm-32-inch-hd-ready-led-tv-ips-panel/p/itmfb289gyvfptm7?pid=TVSFB289WXMJJMHU&srno=s_1_15&otracker=search&otracker1=search&lid=LSTTVSFB289WXMJJMHUKS6N3T&fm=organic&iid=4ae81d7b-707e-4efd-b665-a097f2cb9b8e.TVSFB289WXMJJMHU.SEARCH&qH=79464212afb7fd6c,"₹11,147"
Mi LED Smart TV 4A 80 cm (32),/mi-led-smart-tv-4a-80-cm-32/p/itmf2wyujh3gkdhg?pid=TVSF2WYUE4PWNJKM&srno=s_1_16&otracker=search&otracker1=search&lid=LSTTVSF2WYUE4PWNJKMXPOSQ1&fm=organic&iid=28191a5d-8aa2-4e28-bf3b-04b0e8df906f.TVSF2WYUE4PWNJKM.SEARCH&qH=79464212afb7fd6c,"₹12,499"
Thomson B9 Pro 80cm (32 inch) HD Ready LED Smart TV,/thomson-b9-pro-80cm-32-inch-hd-ready-led-smart-tv/p/itmf5yyhppqrnmsn?pid=TVSF5YYHXKYHVGF6&srno=s_1_17&otracker=search&otracker1=search&lid=LSTTVSF5YYHXKYHVGF6ZHWJUV&fm=organic&iid=2133171b-f0da-4014-bcd1-d19cfae411f3.TVSF5YYHXKYHVGF6.SEARCH&qH=79464212afb7fd6c,"₹11,499"
Vu Pixelight 108cm (43 inch) Ultra HD (4K) LED Smart TV,/vu-pixelight-108cm-43-inch-ultra-hd-4k-led-smart-tv/p/itmfft3ymmvcarwp?pid=TVSFFT3YESHHYTXP&srno=s_1_18&otracker=search&otracker1=search&lid=LSTTVSFFT3YESHHYTXPPHKXEG&fm=organic&iid=dd7a4a3e-fe78-40e5-af8a-51814ed2a29b.TVSFFT3YESHHYTXP.SEARCH&qH=79464212afb7fd6c,"₹25,999"
Samsung 80cm (32 inch) HD Ready LED TV 2018 Edition,/samsung-80cm-32-inch-hd-ready-led-tv-2018/p/itmf5g7dkcrq2gem?pid=TVSF5G7DJGY8ZKDN&srno=s_1_19&otracker=search&otracker1=search&lid=LSTTVSF5G7DJGY8ZKDN24T9M4&fm=organic&iid=f6b32feb-79f9-4437-a152-cecca869c632.TVSF5G7DJGY8ZKDN.SEARCH&qH=79464212afb7fd6c,"₹14,999"
Vu 80cm (32 inch) HD Ready LED TV,/vu-80cm-32-inch-hd-ready-led-tv/p/itmfe36sszdzntmy?pid=TVSFE36S5XXRJKTX&srno=s_1_20&otracker=search&otracker1=search&lid=LSTTVSFE36S5XXRJKTXJILMA7&fm=organic&iid=ca904369-c756-4243-8373-8f1c1aaa096b.TVSFE36S5XXRJKTX.SEARCH&qH=79464212afb7fd6c,"₹9,999"
Vu Pixelight 138cm (55 inch) Ultra HD (4K) LED Smart TV,/vu-pixelight-138cm-55-inch-ultra-hd-4k-led-smart-tv/p/itmfey7hgkhyd6uw?pid=TVSFEY7HXUTSU2CK&srno=s_1_21&otracker=search&otracker1=search&lid=LSTTVSFEY7HXUTSU2CKF1YZSB&fm=organic&iid=f643ef47-546e-402f-b3ee-d1a0c87a9ef3.TVSFEY7HXUTSU2CK.SEARCH&qH=79464212afb7fd6c,"₹36,999"
Vu Pixelight 126cm (50 inch) Ultra HD (4K) LED Smart TV,/vu-pixelight-126cm-50-inch-ultra-hd-4k-led-smart-tv/p/itmfey7hwzbrhepw?pid=TVSFEY7HBSHTFMVD&srno=s_1_22&otracker=search&otracker1=search&lid=LSTTVSFEY7HBSHTFMVDLMOEXZ&fm=organic&iid=f1980139-6c09-4641-bcc9-7824841b28ef.TVSFEY7HBSHTFMVD.SEARCH&qH=79464212afb7fd6c,"₹30,999"
Mi LED Smart TV 4 Pro 138.8 cm (55),/mi-led-smart-tv-4-pro-138-8-cm-55/p/itmf9d8yxr6myvgz?pid=TVSF9D8XDECFGWPM&srno=s_1_23&otracker=search&otracker1=search&lid=LSTTVSF9D8XDECFGWPM1NPO0T&fm=organic&iid=18190231-3ba1-450e-ade4-c9834abc63fd.TVSF9D8XDECFGWPM.SEARCH&qH=79464212afb7fd6c,"₹47,999"
Samsung NU6100 108cm (43 inch) Ultra HD (4K) LED Smart TV,/samsung-nu6100-108cm-43-inch-ultra-hd-4k-led-smart-tv/p/itmfdzq6khv2pcvz?pid=TVSFDZQ6KMPJYWBV&srno=s_1_24&otracker=search&otracker1=search&lid=LSTTVSFDZQ6KMPJYWBVSJV5AK&fm=organic&iid=66f81183-6ac5-4ea1-adec-45874e53f91d.TVSFDZQ6KMPJYWBV.SEARCH&qH=79464212afb7fd6c,"₹38,999"
